{"train/loss": 0.8992, "train/grad_norm": 63.872337341308594, "train/learning_rate": 0.0, "train/epoch": 0.4970178926441352, "train/global_step": 1000, "_timestamp": 1713456949.5230026, "_runtime": 426.3342146873474, "_step": 40, "train_runtime": 427.1799, "train_samples_per_second": 2.341, "train_steps_per_second": 2.341, "total_flos": 716359908311040.0, "train_loss": 1.0164632654190064, "_wandb": {"runtime": 429}}